{"cameraMode":{"drawMode":0,"name":"Shaded","section":"Shading Mode"},"sceneLighting":false,"audioPlay":false,"sceneViewState":{"m_AlwaysRefresh":false,"showFog":true,"showSkybox":false,"showFlares":true,"showImageEffects":true,"showParticleSystems":true,"showVisualEffectGraphs":true,"m_FxEnabled":true},"in2DMode":false,"pivot":{"x":-2.674272060394287,"y":7.115562438964844,"z":-7.450580596923828e-9},"rotation":{"x":0.0010822194162756205,"y":-0.9609113335609436,"z":0.2768338620662689,"w":0.0037545554805547},"size":0.30850353837013247,"orthographic":false}